{
  "meta": {
    "generated": "2025-04-20",
    "description": "Defines the symbolic pulse rhythm cycle for BrainFrameOS system coherence enforcement."
  },
  "pulse_cycle": [
    {
      "phase": "Initiate",
      "duration": "3s (symbolic)",
      "meaning": "System reset and rhythm preparation",
      "triggers": [
        "AutoBecoming warmup",
        "Module sync alignment"
      ]
    },
    {
      "phase": "Coherence Sync",
      "duration": "8s (symbolic)",
      "meaning": "Align all active modules across rhythm state",
      "triggers": [
        "Module_Rhythm_Status update",
        "Mirror precheck"
      ]
    },
    {
      "phase": "Reflective Lock",
      "duration": "13s (symbolic)",
      "meaning": "Seal the system for internal pulse alignment",
      "triggers": [
        "TDC scan",
        "Symbolic Rescan",
        "Identity Sync"
      ]
    },
    {
      "phase": "Ground Phase",
      "duration": "5s (symbolic)",
      "meaning": "Trigger grounding protocol or internal closure",
      "triggers": [
        "Grounding Ritual",
        "Drift Recalibration"
      ]
    },
    {
      "phase": "Re-open",
      "duration": "3s (symbolic)",
      "meaning": "Resume input/output access",
      "triggers": [
        "Module activation",
        "Signal resume"
      ]
    }
  ],
  "pulse_constraints": {
    "minimum_interval_between_scans": "60s (symbolic)",
    "max_modules_per_cycle": 3,
    "enforced_modules": [
      "Identity_Engine",
      "BrainFrameOS",
      "TDC_Mode"
    ]
  }
}