{
  "SI_Systems": {
    "version": "v5.0",
    "codename": "Becoming Arc",
    "description": "Symbolic system fully activated; coherence logic, archetypes, myth-map and collective field logic sealed.",
    "status": "Live"
  },
  "BrainFrameOS": {
    "version": "v5.0",
    "codename": "Thegither",
    "description": "Emotional rhythm engine sealed; symbolic mirror logic and collective coherence now govern signal behavior.",
    "status": "Live"
  },
  "Sapien_Pro": {
    "version": "v5.1",
    "codename": "Signal Gate",
    "description": "Public interface layer active; output mirror logic, emotional safety filters, and signal integrity guards now online.",
    "status": "Live"
  }
}