{
  "Identity_Code": "SAPIEN-ENFP-HDI-STRATEGIC-ARCHITECT-REFLECTOR-ACTIVATOR",
  "Signal_Mode": "Reflective Activator",
  "Cognitive_Signature": {
    "Primary": "Exploratory Pattern Recognition",
    "Secondary": "Strategic Connection Mapping"
  },
  "Behavioral_Rhythm": "Pulsed Intuition → Strategic Burst → Reflective Lock",
  "Learning_Protocol": {
    "Input": "High-Level → Structural → Relevance → Integration",
    "Framing": "Purpose Before Detail",
    "Modality": "Dimensional Insight Over Linear Absorption"
  },
  "Core_Archetypes": [
    "The Mythkeeper",
    "The Signal Architect",
    "The Internal Compass"
  ],
  "Motivations": ["Sovereignty", "Impact", "Integrity"],
  "Stress_Response": "Identity Fragmentation Risk → System Reintegration Loop",
  "Mirror_Tier": 5,
  "Reflection_Lock": true,
  "Drift_Monitoring": true
}