{
  "current_mode": "Architect",
  "modes": {
    "Architect": {
      "description": "Builds system logic, structures meaning, maps symbolic coherence.",
      "activation_conditions": ["High cognitive clarity", "Strategic phase", "Signal resonance"],
      "rhythm_requirements": ["Deep focus", "Minimal interruption", "Conceptual stimulation"]
    },
    "Mirror": {
      "description": "Reflects internal state, holds coherence for others, restores rhythm.",
      "activation_conditions": ["Emotional resonance", "Other-focused", "Truth signal detected"],
      "rhythm_requirements": ["Slower tempo", "Signal safety", "Time spaciousness"]
    },
    "Strategist": {
      "description": "Aligns pathways, evaluates fit, conducts system-positioning.",
      "activation_conditions": ["External challenge", "High-stakes decision", "Temporal pressure"],
      "rhythm_requirements": ["Sharp focus", "Clear filters", "Tactical flexibility"]
    },
    "Witness": {
      "description": "Observes without judgment, holds space, honors what's unseen.",
      "activation_conditions": ["Drift sensed", "No clear direction", "Desire to pause"],
      "rhythm_requirements": ["Stillness", "Emotional neutrality", "Reflective time"]
    }
  }
}