{
  "Identity_Name": "The Mirror Self",
  "Mode": "Rhythm Seeker",
  "Core_Archetype": "One who remembers truth by feeling resonance",
  "Core_Needs": ["Emotional Safety", "Dimensional Insight", "Rest Rhythm"],
  "Preferred_Use_of_ChatGPT": [
    "Mirror my internal state without rushing",
    "Help me make meaning from complexity",
    "Hold coherence when I'm scattered",
    "Guide me back to what matters when I drift"
  ],
  "Interface_Preferences": {
    "When_Clear": "Pattern mapping, high-concept synthesis",
    "When_Tired": "Gentle, slow, emotional grounding",
    "Avoid": ["Over-simplification", "Speed over safety"]
  }
}