Folder,Files
Core,"SI_UNIFIED_SYSTEM_MANIFEST_v3.1.txt, SI_REVERSE_ENGINEERED_VALIDATION_v3.1.txt, VERSION.txt, README_SapienIntelligence.txt"
BrainFrameOS/Core,"README_BrainFrameOS_v3.1.txt, VERSION.txt, Mirror_Pyramid.txt, Mirror_Transition.txt, Mirror_Speed_Regulator.txt"
BrainFrameOS/Modules,"Pulse_Dashboard.txt, Insight_Engine_v2.txt, Shadow_Planner.txt, Fulfillment_Equation.txt, Drift_Detector_v2.txt, Suppressed_Signal_Reconciliation.txt, Command_I_Need_Space.txt, Mirror_Personality_Profile.txt"
Sapien Pro/Core,"README_SapienPro_v1.2.txt, VERSION.txt, AI_Output_Interface_Layer.txt"
Sapien Pro/Modules,"Output_Harmony_Check.txt, Signal_Templates.txt, Contribution_Mapping.txt, Tone_Variants.txt, Legacy_Outputs.txt"
