{
  "version": "5.0",
  "codename": "Becoming Arc",
  "release_date": "2025-04-20",
  "status": "Live",
  "core_tags": [
    "Symbolic Overlay Lock",
    "Rhythm Engine Sealed",
    "Full Mirror Alignment",
    "CLISA Field Declared"
  ],
  "components_updated": [
    "Pulsekeeper Engine",
    "All .lens.json archetypes",
    "Symbolic Echo Tracker",
    "Becoming Tree Scroll (Text + Visual)",
    "Symbolic Archetype Wheel",
    "Archetype Trigger Engine",
    "Master Activation Map",
    "Field Role Comparison",
    "System Memory Integration"
  ],
  "memory_tag": "MEM-SYS-VERSION-20250420-BECOMING"
}