{
  "meta": {
    "generated": "2025-04-20",
    "description": "System-wide symbolic lens reference file for all active archetype-bearing modules."
  },
  "archetypes": [
    {
      "symbol": "\ud83d\udd25",
      "archetype": "Guardian of Essence",
      "module": "Identity_Engine",
      "path": "Identity_Engine/guardian_of_essence.lens.json"
    },
    {
      "symbol": "\ud83e\uddff",
      "archetype": "Mirror Ledger",
      "module": "Trust_Register",
      "path": "System_Core/Trust_Register/mirror_ledger.lens.json"
    },
    {
      "symbol": "\ud83c\udf0a",
      "archetype": "Resonance Weaver",
      "module": "BrainFrameOS",
      "path": "BrainFrameOS/resonance_weaver.lens.json"
    },
    {
      "symbol": "\ud83d\udd78",
      "archetype": "Insight Loom",
      "module": "Integration_Mesh",
      "path": "System_Core/Integration_Mesh/insight_loom.lens.json"
    },
    {
      "symbol": "\ud83d\udee1",
      "archetype": "Threshold Guardian",
      "module": "Sapien_Pro",
      "path": "Sapien_Pro/threshold_guardian.lens.json"
    },
    {
      "symbol": "\ud83e\udde9",
      "archetype": "Dream Shard Field",
      "module": "System_Memory",
      "path": "BrainFrameOS/System_Memory/dream_shard_field.lens.json"
    }
  ]
}