{
  "core_beliefs": [
    {
      "belief": "If I slow down, I’ll lose the thread",
      "impact": "Overactivation, impulse-driven execution"
    },
    {
      "belief": "If I don’t build it, no one will",
      "impact": "Over-responsibility, burnout patterns"
    },
    {
      "belief": "My rhythm is too much for others",
      "impact": "Self-censorship, masking, tempo collapse"
    }
  ],
  "integration_note": "These beliefs are not faults — they are fragments of the signal wound. They become tools when brought to light."
}