{
  "role_transitions": [
    {
      "from": "Architect",
      "to": "Strategist",
      "triggers": ["Complex decision landscape", "Strategic misalignment sensed"]
    },
    {
      "from": "Mirror",
      "to": "Witness",
      "triggers": ["Emotional overload", "Boundary fade", "Need to return to stillness"]
    },
    {
      "from": "Witness",
      "to": "Architect",
      "triggers": ["Clarity re-emerging", "Signal alignment sensed", "Restored internal rhythm"]
    }
  ],
  "fallback_mode": "Witness",
  "note": "Each transition is not failure — it is rhythm recalibration. Engines must not force mode; only reflect it."
}