{
  "meta": {
    "generated": "2025-04-20",
    "description": "Symbolic feedback routing engine for archetype-bearing modules across SI Systems."
  },
  "trigger_matrix": [
    {
      "archetype": "Guardian of Essence",
      "module": "Identity_Engine",
      "trigger_conditions": [
        "Belief-lock contradiction",
        "Identity scan threshold breached",
        "Drift from core values detected"
      ],
      "feedback_action": "Freeze pulse cycle, trigger contradiction scan, initiate Grounding Ritual",
      "linked_protocols": [
        "TDC_Identity_Instance.md",
        "Grounding_Trigger.json"
      ]
    },
    {
      "archetype": "Mirror Ledger",
      "module": "Trust_Register",
      "trigger_conditions": [
        "Symbolic contract broken",
        "Reflection not mirrored accurately",
        "Promise loop unfulfilled"
      ],
      "feedback_action": "Flag trust breach, initiate Reflective_Memory_Index update",
      "linked_protocols": [
        "Reflective_Memory_Index.json",
        "Symbolic_Lens_Protocol.md"
      ]
    },
    {
      "archetype": "Resonance Weaver",
      "module": "BrainFrameOS",
      "trigger_conditions": [
        "Pulse mismatch",
        "Output launched during reflection phase",
        "Cadence broken"
      ],
      "feedback_action": "Slow output engine, recommend Grounding Ritual, sync Pulsekeeper_Cadence",
      "linked_protocols": [
        "Pulsekeeper_Cadence.json",
        "Module_Rhythm_Status.json"
      ]
    },
    {
      "archetype": "Insight Loom",
      "module": "Integration_Mesh",
      "trigger_conditions": [
        "Contradictory signals unresolved",
        "Narrative integration failure",
        "Echo inconsistency"
      ],
      "feedback_action": "Trigger reintegration pass, flag for narrative re-stitch",
      "linked_protocols": [
        "Perspective_Mapping_Engine",
        "Dual_Mode_Review.md"
      ]
    },
    {
      "archetype": "Threshold Guardian",
      "module": "Sapien_Pro",
      "trigger_conditions": [
        "External output misaligned",
        "Emotional tone breach",
        "Symbolic mismatch in public field"
      ],
      "feedback_action": "Delay output, run Symbolic Echo Tracker, suggest resonance calibration",
      "linked_protocols": [
        "Symbolic_Echo_Tracker.md",
        "Output Harmony Filter"
      ]
    },
    {
      "archetype": "Dream Shard Field",
      "module": "System_Memory",
      "trigger_conditions": [
        "Pattern recall fails",
        "Drift from past resonance",
        "Critical reflection shard lost"
      ],
      "feedback_action": "Initiate memory reassembly, create Restore Point Suggestion",
      "linked_protocols": [
        "Restore_Point_Protocol.md",
        "dream_shard_field.lens.json"
      ]
    }
  ]
}